prices,Egg_Product,Egg_size
$679,JUST Egg plant-based egg,12 fl oz
$1089,"Pete and Gerry’s Organic Eggs Eggs, Organic, Free Range, Large",12 ct
$1349,Eggland's Best Large White Eggs,18 ct
$679,Vital Farms Pasture Raised Large Eggs- 6 count,6 ct
$1119,"Pete and Gerry’s Organic Eggs Eggs, Organic, Free Range, Jumbo, Grade A",12 each
$1159,Happy Egg Medium Heirloom Fresh Free Range Blue & Brown Eggs,12 ct
$559,Natures Yoke Legacy Free-Range Large Brown Eggs,6 ct
$1089,"Pete and Gerry’s Organic Eggs Eggs, Organic, Free Range, Large",12 ct
$729,Nature's Yoke Legacy Free Range Extra Large Brown Eggs,12 ct
$599,Thomas’ Light Multi-Grain English Muffins,6 x 13 oz
$789,The Country Hen Organic Grade A Eggs Extra- Large,6 x 13.5 oz
$589,"Pete and Gerry’s Organic Eggs Eggs, Organic, Free Range, Large, Grade A",6 ct
$1009,Nature's Yoke Organic Free-Range Large Brown Eggs,12 ct
$999,Nature's Yoke Free-Range Organic Large Brown Eggs,12 ct
$1089,Nature's Yoke Free-Range Organic Jumbo Eggs,12 ct
$679,"Pete and Gerry’s Organic Eggs Eggs, Organic, Medium, Grade A",12 ct
$729,The Country Hen Organic Large Grade A Eggs,6 ct
$719,Nature's Yoke Legacy Free-Range Large White Eggs,12 ct
$1119,Pete & Gerry's Organic Eggs Extra Large Brown Eggs,12 ct
$999,Nature's Yoke Organic Free-Range Extra Large Brown Eggs,12 ct
$559,Nature's Yoke Organic Free-Range Large Brown Eggs,6 ct
$1179,Sunshine Grade A Organic Large Brown Eggs,12 ct
$789,Nature's Yoke Free-Range Jumbo Brown Eggs,12 ct
$719,Nature's Yoke Legacy Free Range Large Brown Eggs,12 ct
